post_id,text,images
11f9323a-5faf-4c95-ba84-4e19f5e4a110,Décès de l'ancien président français Jacques Chirac à l'âge de 86 ans,images/post_0_0.jpg
68dae89b-3f87-44d0-9a4f-312123350d86,Jacques Chirac est décédé... Les Présidents Emmanuel Macron et François Hollande lui rendent hommage à leur manière,images/post_1_0.jpg
8d6a27e8-02e5-4acc-9d82-8618ba0eb70e,DÉCÈS DE JACQUES CHIRAC À L'AGE DE 86 ANS ANCIEN PRÉSIDENT DE LA REPUBLIQUE FRANÇAISE DE 1995 À 2007,images/post_3_0.jpg;images/post_3_1.jpg;images/post_3_2.jpg
c4913434-a733-4d63-8ecc-e39a954e33cb,"Décès Jacques Chirac : « l'Afrique perd un ami et un partenaire formidable » (Roch Kaboré, président du Faso) Le président du Faso Roch Kaboré a réagi au décès jeudi de l’ancien président français Jacques Chirac (1995-2007) et premier ministre (1974-1976, 1986-1988). « Je viens d'apprendre avec tristesse le décès de l'ancien Président Français Jacques Chirac. Avec sa disparition, l'Afrique perd un ami et un partenaire formidable. Je présente mes sincères condoléances à sa…",images/post_4_0.jpg
3119a9af-e6a6-49db-a885-e77f76704021,"[Décès de Jacques Chirac] En ce jour de deuil national, nous saluons la mémoire d'un ami du Marathon de Paris. Pressesports…",images/post_8_0.jpg
07889c23-6c06-485c-8cf9-25c33317ecbb,"Je viens d'apprendre avec une immense douleur le décès de Bernard Pons. Depuis que grâce à sa fille Isabelle Secrétan, je suis devenu son conseiller pour le tourisme (photo), nous ne nous sommes pas quittés du ministère à l’aventure des Amis de Jacques Chirac jusqu'à aujourd'hui. Le ministre est devenu un ami avec lequel nous échangions régulièrement et encore il n'y pas longtemps, j'écoutais ses commentaires fulgurants et toujours amusées et bienveillants sur la situation po…",images/post_10_0.jpg
b22ab34b-27ce-441a-bff0-f745a4483c10,[Décès de Jacques Chirac] Les gaullistes sont orphelins de l'ancien Président de la République. Avec René Couveinhes Député de l'Hérault.,images/post_11_0.jpg
852a6689-5088-4d10-9b9a-d434f2710e51,10 anecdotes et punchlines de Jacques Chirac qui prouvent qu'il n'était pas un homme politique comme les autres,
b265cf83-55fd-4bc0-a3a1-2860f28e0ce1,"Décès du président Jacques Chirac, un Mahorais de cœur Que ses vœux pour Mayotte se réalisent « Département oui », « développement d’abord ». Voici la lettre qu’il adressait au président Younoussa Bamana. Testament pour la continuité de la République.",images/post_15_0.jpg;images/post_15_1.jpg
902038b3-f34d-474d-b8aa-397047723c31,"Le décès du Président Jacques Chirac attriste la majorité de nos compatriotes ! J'ai toujours été pour ma part un centriste ... mais j'adorais Chirac !!! Il etait l'héritier de la culture francaise . Le bien vivre . Gros mangeur et buvant sec , il soutenait de manière remarquable notre agriculture et nos agriculteurs ! C'etait un Républicain convaincu , défendant les valeurs historiques de la France . Il n'a jamais attenté à notre modèle social et a toujours combattu l'an…",images/post_19_0.jpg
5df1f311-471f-43bc-ae5c-a3331512f28a,Décès de notre ancien Président de la République Jacques Chirac.,images/post_24_0.jpg;images/post_24_1.jpg;images/post_24_2.jpg;images/post_24_3.jpg;images/post_24_4.jpg
9dae59ed-e64b-4bf7-b479-d0e0312c9843,"Death of Jacques Chirac: ""He was an extraordinary statesman, one of those who mark the world history of their imprint,"" reacted the Mayor of Paris, Anne Hidalgo",
950554a8-ff8c-4fb0-ba98-345bcc118681,"[Décès] C'est avec tristesse que nous avons appris aujourd'hui, le décès de Jacques Chirac à l'âge de 86ans. Ce poste n'est en rien politique, nous saluons juste ici l'un des acteurs principaux dans l'établissement du Parc Disneyland Paris en France....…",images/post_26_0.jpg;images/post_26_1.jpg
fa25f44c-a071-43c3-8fdf-63c20d87cceb,"C’est dans l’avion de retour de Rodez que j’ai appris le décès du président Jacques Chirac. Il aimait ce département de l’Aveyron, comme il aimait tous les départements ruraux, dont il avait la force et la simplicité. J’avais 29 ans quand j’ai commencé à travailler à ses côtés et, au moment si triste de sa mort, les souvenirs se bousculent.…",images/post_29_0.jpg
b4128481-b3da-4d1e-9ce2-a6ffc9b077b1,Décès de Mr le Président Jacques Chirac....Condoléances à toute sa famille.....r.i.p.,images/post_33_0.jpg
41359a1b-6b28-4fb6-8fb2-4a903ce9fd3e,"Immense tristesse d’apprendre le décès de Jacques Chirac. Mon premier engagement politique : la campagne présidentielle de 1995.. les années RPR... Un décideur ... le non à la guerre d’Irak.. son discours sur le réchauffement climatique a l’ONU ... Un homme chaleureux que j’ai eu la chance de rencontrer au PDB et lors de sa garden party à l’Elysée, un 14 juillet 1998... Mes sincères condoléances à sa famille...",images/post_34_0.jpg
3e8f105e-0fc7-499a-90fe-cc0d6aeff7c4,"C’est avec émotion que nous apprenons le décès du Président Jacques Chirac. Ce soir, en ouverture de séance, il sera proposé aux élus du Conseil Municipal de lui rendre hommage en respectant une minute de silence.",images/post_40_0.jpg
068df64b-1225-4058-9c06-423671399137,"Décès de Jacques Chirac : “Mort, même l’ennemi a droit au respect“, a réagi Jean-Marie Le Pen auprès de Valeurs actuelles >> https://bit.ly/2mWwK28",images/post_43_0.jpg
98775ed3-d290-4eb7-9f25-b06fe8efd746,C’est avec une certaine émotion que j’ai appris le décès de Jacques Chirac. C’est une page de notre histoire qui se tourne avec la disparition de cet homme d’État qui a su faire rayonner notre pays dans le monde tout en restant proche et à l’écoute de chaque français. C’est en cela que je l’appréciais et que je souhaite aujourd’hui lui rendre hommage.,images/post_44_0.jpg
728ad2dd-7530-4840-8cb9-d0867bd5aad2,"Suite au décès de Jacques Chirac, ancien président de la République, survenu le 26 septembre dernier, la ville de Livry-Gargan participera à la journée de deuil national qui se déroulera le lundi 30 septembre. Les drapeaux des bâtiments municipaux seront mis en berne. Un registre de condoléances est à votre disposition à l’Hôtel de ville pour rendre un dernier hommage à Jacques Chirac. Par ailleurs, une minute de silence sera observée par les agents communaux sur le parvis de…",images/post_47_0.jpg
c5a31a84-b6cc-4552-8870-53e648cc81df,Très triste d’apprendre le décès du Président Jacques Chirac. Une page se toune! Au revoir Président,images/post_50_0.jpg
cb1b125c-3dda-4b13-9d97-7db3b4b2b498,"Décès de l’ancien Président Jacques Chirac Comme le Président de la République l’a annoncé, un jour de deuil national a été décrété le lundi 30 septembre, en hommage au Président Chirac, décédé le 26 septembre. Un moment de recueillement a été observé dans l’ensemble de nos emprises en Turquie, à 15h heure locale.…",images/post_52_0.jpg;images/post_52_1.jpg;images/post_52_2.jpg
fd8a776f-cad9-451e-a5da-9ae157a74a2b,"Une grande figure de la droite Jean Tiberi est morte. Jean Tiberi est décédé à l'âge de 90 ans. Il fut maire RPR de Paris de 1995 à 2001, maire du 5e arrondissement de Paris de 2001 à 2014, mais également député parisien pendant 23 ans et ancien magistrat. #jeantiberi #Décès #Politique #mesinfos",images/post_56_0.jpg
5aef58c7-2e2b-4cff-939b-5f794c4389ca,"Ainsi était Jacques Chirac... A l'annonce du décès de Danielle Mitterrand, Jacques Chirac a pris la peine de décrocher son téléphone pour appeler Gilbert Mitterrand, le fils de Danielle et François Mitterrand, afin de lui présenter ses condoléances. Deux jours après le décès de sa mère, Danielle. 'Il lui a dit tout le bien qu'il pensait d'elle', explique un de ses proches.""…",images/post_61_0.jpg
6bf946c0-4327-44fd-a0ba-404ad12ba0f9,"Tout part en fumée. Outre l’information « principale » de cette journée, le décès de Jacques Chirac, ancien président de la République, dont les médias font l’éloge, l’information la plus importante doit pourtant être l’incendie de l’usine Lubrizol, à Rouen. -…",images/post_64_0.jpg;images/post_64_1.jpg;images/post_64_2.jpg;images/post_64_3.jpg;images/post_64_4.jpg
fa069b20-0ac2-4e22-947c-65a7250107e7,[Décès] Jacques Chirac nous a quittés aujourd’hui. On gardera notamment ce souvenir de lui avec Michael Eisner. Cette photo fut prise lors de la signature de la convention de 1987 (acte fondateur pour Disneyland Paris).,images/post_66_0.jpg
09201c73-d32c-4dab-8bc3-9358e82d2dd7,L'émotion de Zinédine Zidane après le décès de Jacques Chirac.,images/post_67_0.jpg
2730a976-1e33-4829-b054-723d0c676a28,"Le décès de Jacques Chirac a fait réagir la presse du monde entier. De la politique qu’il a menée à sa personnalité, voici quelques commentaires sélectionnés par Courrier international.",
18d07471-2b81-43b8-b591-e9d8d30985a9,DEATH OF PRESIDENT JACQUES CHIRAC,
437256a5-6638-44e3-8110-75e7b987d6af,"He had France in his heart, he had the heart of the French and the French humanity.",
583f139b-bb66-43c7-891d-9dcdf4f84195,He made France shine and the French abroad.,
d98b5585-f766-4e29-926c-b2cef88512a2,NDJAMENA/TCHAD LE 1ER OCTOBRE 2019. SEM CISSE OUSMANE AMBASSADEUR DU NIGER AU TCHAD SIGNE A L'AMBASSADE DE FRANCE LE LIVRE DE CONDOLEANCES OUVERT SUITE AU DECES DE JACQUES CHIRAC ANCIEN PRESIDENT DE LA REPUBLIQUE FRANCAISE ET GRAND AMI DE L'AFRIQUE.,images/post_72_0.jpg;images/post_72_1.jpg;images/post_72_2.jpg;images/post_72_3.jpg;images/post_72_4.jpg
43a22baf-b99d-4b2f-8487-dd10df915fb1,Décès de Jacques Chirac - Retrouvez une édition spéciale de Votre grand journal du soir jusqu’à 21h sur Europe 1,images/post_73_0.jpg
f37a8f08-1950-4c67-aa4c-b0347e80cdf3,"JACQUES CHIRAC : UN AMI NOUS QUITTE C’est avec beaucoup de tristesse que j’ai appris le décès de Jacques #CHIRAC. Nous venons de perdre un ami fidèle qui a toujours veillé, tant par ses paroles que par ses actes, à ce que l’outre-mer ait toute sa place au sein de la Nation. Un lien particulier et indéfectible unissait l’outre-mer, et notamment La Réunion, à ce grand serviteur de l’Etat. Le Président aimait profondément nos territoires, ses habitants et portait sur eux un reg…",images/post_74_0.jpg
f5a2b90c-4d3b-4047-bf6a-0f4cd0e1e6e9,"Quelle émotion profonde et quelle peine immense j’ai ressenties ce matin quand j’ai appris le décès de Jacques Chirac ! Jacques Chirac, cette icône de la politique française qui a marqué tous nos esprits pendant plus de cinquante ans grâce à son incroyable sens du contact et à une carrière hors du commun. Il a été un très grand Président de la République, un très grand homme d’Etat, celui qui vous apprend ce qu’est le véritable engagement pour la France et ses valeurs. Ja…",images/post_78_0.jpg
58228850-2479-4b57-b187-d6547a3cf409,"C’est avec une grande tristesse que j'ai appris le décès du président Jacques Chirac. La France vient de perdre un grand homme d’État, que j’admirais et respectais profondément pour son humanité et son attachement à des valeurs qui sont également les miennes. Homme de culture et homme de coeur, Jacques Chirac faisait partie de nos soutiens de la première heure. Je l’aimais beaucoup et ne l’oublierai jamais. Mes pensées émues vont à sa famille et à ses proches.",images/post_81_0.jpg
55e94194-73bc-4ab4-b2ce-95e2974b0784,"ALERTE - Décès de Jacques Chirac annoncé par Christine Boutin. Mise à jour : Chirac toujours hospitalisé, sa famille ""demande instamment qu'on respecte sa tranquillité"" (le gendre de Jacques Chirac à l'AFP) Plus d'infos > http://www.public.fr/.../La-mort-de-Jacques-Chirac...",images/post_84_0.jpg
78b99b91-e4d6-4c34-aa67-2083658e968e,Respect et tristesse après le décès de Jacques Chirac un des grands hommes d'état de la 5ème République.,images/post_88_0.jpg
d5788263-6736-4c22-96e0-1cec8bca4a4d,"Suite au décès de Jacques Chirac, nous laissons la place à la soirée spéciale sur France 2 . https://www.france.tv/france-2/direct.html Rendez-vous jeudi 10 octobre !",images/post_89_0.jpg
73f9a3ba-5364-441e-b317-aa46d5b53b2d,Jacques Chirac est mort à 86 ans Suivez sur France 2 notre édition spéciale : www.france.tv/france-2/direct.html,images/post_92_0.jpg
3288620d-57bd-40a3-984b-eabc1f915cb1,"En raison du décès de l'ancien Président de la République Jacques Chirac, notre programmation tv sera bouleversée ce vendredi soir sur NC la 1ère: ""Chirac l'ultramarin"" à 20h25 ""Jacques Chirac , l'homme qui ne voulait être Président"" à 21H20 Diffusion également de 3 documentaires, ce Dimanche 29 Septembre à partir de 12H00:…",images/post_97_0.jpg
c5e38ace-1891-40c2-b91a-90acb7339222,"Immense tristesse d’apprendre le décès de Jacques Chirac. La République vient de perdre un de ses plus grands représentants, un de ses pères. J’avais eu l’immense honneur de l’accompagner à l'assemblée plénière du IVe Sommet de la Terre en 2002 à Johannesburg. Je n’oublierai jamais ces moments. Monsieur Le Président, nous vous serons, pour toujours, reconnaissants. J’ai demandé que les drapeaux de notre Hôtel-de-Ville soient en berne afin de rendre un hommage à ce grand Président.",images/post_101_0.jpg
94bb973b-8f05-440b-8d3f-59c052dc19f1,"Particulièrement affecté par le décès de Jacques Chirac. Une personnalité qui a accompagné ma construction politique, autour notamment du sujet de la fracture sociale, un sujet toujours actuel... J’ai eu l’occasion d’échanger avec lui dans la commune de mon enfance, Puisieux, où il était venu tenir meeting en 1992. Il avait profité de son passage pour y saluer « Mon grand père politique » Albert Rivaux, en présence de Jean-Paul Delevoye et d’une partie du monde politique ré…",images/post_104_0.jpg
f7e5061b-d45a-46bd-9a95-b9d9d620375d,"C’est avec une grande tristesse que j’ai appris le décès de Jacques Chirac. Un Grand Homme qui marquera à jamais la 5e République. J’ai eu la chance d’être à ses côtés à plusieurs reprises et honorée d’avoir faire partie de cette délégation qui l’a accompagné lors de sa dernière visite officielle au Sénégal en 2005. Ami de l’Afrique, il a érigé le musée du quai Branly, symbole de son attachement à la culture universelle. Sincères condoléances à sa famille, à Jean Louis Debré,…",images/post_108_0.jpg;images/post_108_1.jpg;images/post_108_2.jpg
2fb73f50-5a57-465f-80a9-f5d6ec7aea59,Décès de Jacques Chirac : un registre de condoléances est ouvert dans le hall de l'Hôtel de Ville de Béziers,images/post_109_0.jpg
5561e82d-4f34-4395-84f8-cf2d5d356118,Décès de Jacques Chirac c'était il y a 1 an J'avais eu l'occasion de rencontrer Jacques Chirac quand il est venu à Madagascar en visite officielle en 2005. J'étais invité à la résidence de l'ambassadeur de France et j'avais pu échanger avec lui. Qu'il repose en paix...,images/post_111_0.jpg;images/post_111_1.jpg;images/post_111_2.jpg
e2eeae58-5456-4d22-a142-6f5a4c256942,"Jacques Chirac c’est aussi cet hommage après l’annonce de la disparition de François Mitterrand, le 8 janvier 1996. J’espère qu’il aura droit à un hommage de cette qualité, touchante et humaine.",
d0f42834-5992-43a5-b2ea-3e9711c5589d,Décès de Jacques Chirac ! Repose en paix !,images/post_117_0.jpg
b4aee399-47ba-4847-bfae-e1eeee42bdb1,L’ancien président Jacques Chirac est décédé. Suivez notre édition spéciale en direct https://f24.my/5Z30.f,images/post_118_0.jpg
2ee634f3-1502-4cb6-8ac3-6ad33261769f,DÉCLARATION DE FRANÇOIS BAROIN À LA SUITE DU DÉCÈS DE JACQUES CHIRAC.,images/post_121_0.jpg
2b7e9abf-c853-4580-8339-7644da80e5b2,"Trois ans après son décès, nous avons rendu hommage à Jacques Chirac en donnant son nom à la Cour d’honneur de la mairie du 5e en présence de sa fille Claude. L’ancien Président et Maire de Paris a désormais un lieu à son nom au cœur de l’arrondissement qui l’a vu naître.",images/post_123_0.jpg;images/post_123_1.jpg;images/post_123_2.jpg
dbe0bd75-a1c9-4e3f-8d05-705f27d46c7d,"Très triste d'apprendre le décès de Jacques Chirac. Rares sont les présidents de la République à avoir réussi l'équation d'être à la fois un grand homme d'état et un président proche des français. Un président profondément humain, un Maire corrézien adulé des Parisiens. Un Gaulliste irrémédiablement pacifiste, sage, un amoureux de la culture, de l'Afrique, du Monde, de l'Environnement. Il restera pour moi à jamais celui qui m'a donné envie de m'engager en politique, au RPR,…",images/post_126_0.jpg
d978c6ef-da0e-404c-a253-5a0378cc6901,"Un moment d'émotion en apprenant le décès de Jacques Chirac, tout jeune, j'avais eu l'occasion de le rencontrer à La Marine, c'était avant tout un épicurien, proche des français et amoureux de la France.",images/post_132_0.jpg
9c9cd869-912c-40a3-b0b6-1366b3e543b0,"Mort de Jacques Chirac - L'hommage du président français Emmanuel Macron : ""Nous nous reconnaissons tous en cet homme qui nous ressemblait et nous rassemblait."" > Portrait, hommages, notre dossier : http://tv5m.tv/deces-jacques-chirac",images/post_133_0.jpg
41084158-9d89-47c1-9d12-343b89c31559,"Je viens d’apprendre le décès de notre ancien Président de la République, Jacques CHIRAC ce matin. Toutes mes condoléances à sa famille, à ses proches qui ont travaillé à ses côtés. Un homme qui aimait profondément les gens. Il disait qu’il ne fallait jamais oublié personne et se mettre à leur place. Une énergie fédératrice... Un homme passionné par les arts primitifs. #DecesJacquesChirac",images/post_136_0.jpg
1540988a-505b-41b0-b4ab-a1ee7b611065,"DEUIL NATIONAL Suite au décès de Jacques Chirac, la ville de Murat partage l'émotion ressentie en France d'autant qu'elle avait noué une relation particulière avec le président depuis sa visite officielle du 21 octobre 2004. Jacques Chirac avait visité la scierie Chalbos puis prononcé un discours de portée nationale concernant l'avenir de l'agriculture française (au gymnase municipal devant 800 professionnels du monde agricole et les maires du département, les conseillers g…",images/post_141_0.jpg;images/post_141_1.jpg;images/post_141_2.jpg;images/post_141_3.jpg;images/post_141_4.jpg
d209312b-42b7-4bb5-ad1d-1df78c63dbc4,"26 septembre 2019 : Décès de Jacques Chirac Jacques Chirac avait dominé la vie politique française pendant plus de trente ans, de 1974 à 2007, comme Premier ministre, président de la République ou chef de l'opposition... bit.ly/3BHfEIx",images/post_144_0.jpg
b25b63ef-6038-434b-9781-6a45f292946b,"C’est avec regret que nous prenons acte du refus de la famille Chirac de respecter les usages républicains, en permettant à tous les représentants élus du peuple français de se rendre demain à la cérémonie d’hommage à l’ancien Président. - Marine Le Pen",
388af81b-7ae3-42bd-8a44-99e7ff9dc69f,"Suite au décès de M. Jacques Chirac, ancien Président de la République, un deuil national a été décrété lundi 30 septembre 2019. Les drapeaux des bâtiments & édifices publics seront mis en berne tandis qu’un moment de recueillement sera organisé dans les services publics à 15h Gouvernement Gendarmerie du Gard Police Nationale Département du Gard Ministère de l'Intérieur",images/post_149_0.jpg
d0e4cee8-ce20-4e84-be86-c44a152d943c,"Nous sommes très attristés par le décès de Monsieur Jacques Chirac • Grand homme, grand homme politique • Client extraordinaire, sourire constant et rayonnant, proche des gens et se mettant toujours au niveau des autres. Pour tout cela vous nous manquerez. Merci Monsieur le Président @ Sénéquier",images/post_150_0.jpg;images/post_150_1.jpg;images/post_150_2.jpg;images/post_150_3.jpg;images/post_150_4.jpg
db7b6892-55e4-4b06-be5a-8f26eff493e8,"En ce jour anniversaire du décès de Jacques CHIRAC, je rends hommage à ce grand Homme !",images/post_154_0.jpg
d9d2ad23-0b73-4b4c-aaa8-0c6dc9a16058,"HOMMAGE À JACQUES CHIRAC ce mercredi à l’Assemblée nationale, avec le souvenir de plusieurs rencontres avec lui, de sa proximité, de son écoute, de son attach…",images/post_155_0.jpg
6b5ff782-7087-4a6f-a551-db829f20052d,"La tombe de Jacques Chirac (29 novembre 1932 - 26 septembre 2019), dans le cimetière du Montparnasse (XIVe arrondissement de Paris). La pierre tombale est des plus banales, sans artifice, sans rien de particulier, juste le nom du défunt, son année de naissance et celle de son décès (1932-2019). Ce pourrait être celle de Kouadio Koffi ou de Koffi Kouadio, on n'y verrait pas la différence.",images/post_159_0.jpg
9bc05c6d-173c-40c7-ba76-e48c70a49869,"JACQUES CHIRAC EST MORT Nous apprenons avec tristesse le décès de l'ancien Président de la République Jacques Chirac. L'homme était particulièrement attaché à la ruralité et à la France des campagnes. En photo, au salon de l'agriculture en 2004 au stand de Savoie-Mont Blanc.",images/post_162_0.jpg
f7a906ce-d460-454f-bd1a-df0fcfbd33ce,"Cher.es ami.es, J'apprends aujourd'hui avec émotion, comme des millions de françaises et de français, le décès de Jacques Chirac, ancien Président de la République. Si nous n'appartenions pas à la même sphère politique, je garde en mémoire le souvenir d'un grand Homme d'État qui marquera durablement l'histoire de la France. …",images/post_166_0.jpg
17deafae-c5ea-4442-8185-c2f707a91ee6,"J'apprends aujourd'hui avec émotion, comme des millions de françaises et de français, le décès de Jacques Chirac, ancien Président de la Répub…",
d2bade53-8e0f-43f8-b3ae-c3594e888f1b,"J’éprouve une immense douleur en apprenant le décès de Jacques Chirac, celle de perdre un deuxième père. Il m’avait accueilli paternellement à l’Assemblée Nationale en 1993 alors que j’avais perdu mon père trois ans plus tôt. Nous formions alors une quasi-fratrie avec François Baroin, Renaud Muselier, Philippe Briand, Hervé Gaymard, Frédéric de Saint-Sernin et quelques autres qui ne l’auront jamais lâché même quand tous pensaient l’élection présidentielle perdue pour lui. …",images/post_172_0.jpg;images/post_172_1.jpg;images/post_172_2.jpg;images/post_172_3.jpg
f5bb311c-6cf1-421e-b69b-9489f9c17d8d,"Décès de Jacques Chirac Au revoir Monsieur le Président de la République. La France entière est en deuil et rend hommage à un grand homme, à son engagement au service des Français et en particulier à son action sur la scène internationale qui a fait rayonner et respecter la voix de la France.",images/post_175_0.jpg
867a97f0-6a5b-443e-bb7b-b54dff41b861,"26 septembre, date anniversaire du décès du Président Jacques CHIRAC. ""Jacques Chirac portait en lui l’amour de la France et des Français"".",images/post_178_0.jpg
bd5e5c83-25d0-48c9-9c9a-1195c00ff42f,"DÉCÈS DE JACQUES CHIRAC : ÉMOTION ET TRISTESSE POUR UN GRAND HOMME D’ETAT DONT L’HUMANISME ÉTAIT SA GRANDE FORCE ... RÉPUBLICAIN, VISIONNAIRE, IL NOUS MANQUERA !!",images/post_181_0.jpg;images/post_181_1.jpg
5bcd7200-0eb2-4e74-8568-b092658510e8,Décès de Jacques Chirac à 86 ans. Suivez l'édition spéciale en direct sur CNEWS > http://cnews.fr/direct,
6aa9507b-ce40-40ae-9a53-d8c19d6c323e,«Le président Jacques Chirac s'est éteint ce matin au milieu des siens. Paisiblement»,
c668c849-491d-4e60-a52d-39393d3213c1,"47 ans d'amitiés avec Jacques Chirac : depuis la #Guadeloupe, Lucette Michaux-Chevry raconte sa vision du Chirac des #Outremer, interviewée par @LaurTheatin @guadeloupela1e sur @franceinfo",images/post_189_0.jpg
733973bd-a757-4448-bb95-d59be342de7a,"Décès de Jacques Chirac En 1975, Jacques Chirac, alors jeune premier ministre, ouvre les portes de son salon de Matignon à une équipe de la Télévision suisse romande.",images/post_190_0.jpg
92f79498-ad0d-40eb-9d24-dbce1fe6087f,#France - Décès de l'ancien président de la République française Jacques Chirac à l'âge de 86 ans.,images/post_192_0.jpg
4fbbec07-db9c-408b-979b-0de441ad4f88,"DÉCÈS JACQUES CHIRAC - REGISTRE DE CONDOLÉANCES Suite au décès de Jacques Chirac, Président de la République Française de 1995 à 2007, la Ville de Chaumont met un registre de condoléances à votre disposition à l'Hôtel de Ville, à compter de cet après-midi. Vous pouvez également faire suivre votre message par mail le.maire@ville-chaumont.fr…",images/post_193_0.jpg
3e01059c-396e-456b-b425-80903a61045d,"[Palais des sports Jacques Chirac] Suite au décès de l’ancien Président de la République Jacques Chirac, survenu le 26 septembre dernier, la Ville de Montauban a décidé lors du Conseil Municipal du 14 octobre dernier de dénommer le complexe sportif montalbanais « Palais des Sports Jacques Chirac ». Le stade qui jouxte ce complexe conservera pour sa part le nom de « Stade Georges Pompidou ».",images/post_197_0.jpg
0e015e4a-1be9-44d5-8326-c3fc6385d0c8,"Gaston Flosse et Jacques Chirac avaient une relation privilégiée. Construite au commencement du RPR. Dans une interview, l'ancien président de la Polynésie raconte ce lien : L'interview complète est à retrouver ici : http://bit.ly/2nyY3Qu Plus d'info dans nos journaux ce soir 18h en reo Tahiti 18h30 en français …",images/post_201_0.jpg
f98adfbb-e3a6-42a9-9787-cab0a40f6b10,La dernière fois c'était en 1995.,
96fb5fc7-542f-4ed6-a3b4-797c56600d35,"Beaucoup d'émotion à l'annonce du décès de Jacques Chirac. Mes pensées et mes condoléances vont à son épouse Bernadette et à sa fille Claude, mais aussi à tous les Français qui, quelles que soient leurs convictions, sont en deuil aujourd'hui. Hommage à un homme d'Etat, un grand Gaulliste, qui a su faire rayonner notre pays à l'international, dire non à la guerre, s'engager contre toutes les discriminations et défendre l'environnement. Hommage aussi à un homme de Culture, amou…",images/post_206_0.jpg
fddebc81-9167-477e-971e-056b1ef60871,"C'est avec une grande tristesse que j'apprends le décès de Monsieur Jacques Chirac. La République Française et le Gaullisme viennent de perdre un de leurs plus grands représentants. En mon nom et au nom de la ville de Wasquehal j'adresse mes plus sincères condoléances à sa famille. Les drapeaux de notre Hôtel-de-Ville sont mis en berne. Lors du Conseil municipal de ce soir, nous rendrons hommage à ce Grand Président.",images/post_207_0.jpg
69ad128e-9c87-4581-8f32-e38109bac541,"Décès de Jacques Chirac : notre dessinateur Olivier Bauza a croqué ce jeudi l'ancien chef de l'Etat, décédé à l'âge de 86 ans.",images/post_213_0.jpg
eb4ab188-50b4-476d-b0e4-975fee32798f,JACQUES CHIRAC EST DÉCÉDÉ - HOMMAGE À UN GRAND HOMME ARTICLE PRESSE CE JOUR ICI https://www.rtl.fr/.../direct-video-deces-de-jacques...,images/post_214_0.jpg
2a64c92a-37b9-4506-bd2e-96d5cae1fb87,"C’est avec une grande tristesse que j’apprends le décès de Jacques Chirac, Président de la République de 1995 à 2007. Un Président de la République avec une grande Humanité et de profondes valeurs",images/post_219_0.jpg
6a918451-38b6-4240-b153-9121b7c5d22b,УМЕР ЖАК ШИРАК - бывший ПРЕЗИДЕНТ ФРАНЦИИ. После тяжелой болезни в возрасте 86 лет ушёл в иной мир большой человек. Он был одним из любимых французами Президентов с большой буквы.…,
d2270545-ebba-44f6-9ae4-65de69cb86af,"""Mon sentiment, c'est une grande tristesse. J'ai eu l'honneur de travailler avec lui lorsque j'étais ministre des armées de 1995 et 1997, c'était un homme qui ne laissait personne indifférent, quelqu'un d'aimable, pétri d'amitié"".",
83a48703-ba3c-4b28-bc88-df42f072637f,Décès de Jacques Chirac Asalfo sur son compte Instagram a posté une image du groupe (Magic Système) en compagnie du Président Jacques Chirac. RIP Président Chirac,images/post_225_0.jpg
f448a2f8-c310-4d2b-a5ec-3972affd645d,"En hommage à l'ancien président de la République Jacques Chirac, les drapeaux de la mairie de Paris ont été mis en berne, ce jeudi 26 septembre",images/post_227_0.jpg
3275008d-f044-4fb6-b61f-e328b7c0c678,"« La France perd son Président. La famille gaulliste perd un de ses inspirateurs. » « Jacques Chirac a su créer une droite moderne, respectueuse des autres, républicaine. » « Jacques Chirac avait la volonté que les Français sachent vivre ensemble. »…",images/post_228_0.jpg
a424c2f4-19bf-4e1a-978e-b49e32e3a0ef,"Les drapeaux de la mairie principale et des mairies annexes de Courbevoie ont été mis en berne hier soir suite au décès de l’ancien Président de la République, Jacques Chirac, à l’âge de 86 ans. Monsieur le Maire a exprimé sa profonde émotion : « La France perd un immense homme d’Etat, d’une intelligence fine et une bonhomie légendaire, un homme que j’ai eu l’honneur de fréquenter pendant mes années à l’Assemblée nationale. Aujourd’hui, je peux écrire que je ressens une profo…",images/post_232_0.jpg
8caff080-7e81-4eb2-96ee-45b43a5b5248,"Ayant appris le décès de Monsieur Jacques Chirac, ancien Président de la République française, Nous adressons toutes nos condoléances à sa famille, à ses proches et au peuple français.…",images/post_236_0.jpg
0d259f0f-830a-4563-acd4-24fc9c742f78,"Jacques Chirac, gaulliste au plus profond de son âme, est venu régulièrement à Colombey-les-Deux-Eglises, se recueillir sur la tombe du général à la date anniversaire de sa mort. Il a tenu à le faire, dès l'année de son élection à la présidence de la République en 1995.",
cc4b414d-98bc-4984-b7bd-bdabbb78391b,"En temps normal, Thierry Schillé vend 6 kg de tête de veau par semaine. Depuis la mort de Jacques Chirac, ce tripier de Boulogne-Billancourt en vend une dizaine de kilos par... jour.",
a68c8b35-89dc-4ce8-99bf-f957920bb905,"«REFUS D’OBTEMPÉRER» : UNE PASSAGÈRE TUÉE À RENNES – 9ème mort par balle en 6 mois par la police – Un policier qui dégaine son arme contre une voiture. Une personne qui meurt. La scène devient malheureusement courante en France. Cela s'est passé la nuit dernière, du 6 septembre au 7 septembre, à Rennes. Un véhicule suspecté de transporter de la drogue ne s'est pas arrêté. Et c'est la passagère du véhicule, une jeune femme de 22 ans, qui a été tuée par balle. Une «victim…",images/post_243_0.jpg
3b7ad062-e4b2-4f01-92eb-fd3c82793a59,"En grand amateur de cuisine, Jacques Chirac fut un défenseur de la gastronomie française. Cela valait bien un hommage de la part du marché de Rungis (Val-de-Marne).",
1de6c863-4c3a-40f2-9d6a-41943f936958,Décès L’ancien président de la République Jacques Chirac est mort ce jeudi 26 Septembre 2019. Il était âgé de 86 ans.,images/post_248_0.jpg
29742532-81e3-48a4-be2c-84d7ee545511,Voilà .... la dernière image d une série suite au premier anniversaire du décès de Jacques Chirac le 26 sept 2019 Merci pour vos like et vos posts ... Photo Éric Lefeuvre /All Rights Reserved,images/post_250_0.jpg
adf0547d-f0fc-4ec8-818a-d388ba21e1a0,"«Jacques Chirac représente un style de politique avec un contact très proche, beaucoup d'empathie, une énergie inépuisable, une grande ténacité, mais aussi la stature d'un homme d'état», a réagi le député et candidat à la mairie de Paris Cédric Villani à la mort de Jacques Chirac",images/post_254_0.jpg
150310ba-3809-46f5-a088-fd68886cb18b,"""Chichi"" n'avait pas que des fans...",images/post_255_0.jpg
212d61c7-f768-4dc4-b164-5819efa3513f,"Zidane est ""triste"" du décès de Jacques Chirac. Sa déclaration complète : https://bit.ly/2mltRbg",images/post_256_0.jpg
9df573dd-757e-44e7-85ec-11be3428a41d,"C’est avec beaucoup d'émotion et une grande tristesse que je viens d'apprendre le décès de Jacques Chirac. Mes premières pensées vont vers sa famille et ses proches à qui je présente mes condoléances les plus sincères. Avec cette disparition, le monde politique perd une figure majeure et éminente de la République. De droite ou du centre, radicaux ou gaullistes, le président Chirac nous aura tous marqués par son aura, son énergie.",images/post_257_0.jpg
60f973cf-7f60-4228-b3d9-69bd13fa8249,"C’est avec beaucoup de tristesse que j’apprends le décès de Jacques Chirac, Président de la République française de 1995 à 2007. Je présente toute mes condoléances à Bernadette, son épouse, ainsi qu'à l'ensemble de la famille Chirac. Nous nous souviendrons de lui comme d'un grand Chef d’État. Pour ma part, je garde un excellent souvenir de notre rencontre, en 2008.",images/post_260_0.jpg
a123bef1-c581-4fba-923f-28219e698202,Attristé par le décès de l’ancien Président de la République Jacques Chirac. Un homme d’État disparaît. Sa contribution à la grandeur de la France restera. Recueillement et pensées pour sa famille et ses proches. #JacquesChirac #Chirac,images/post_264_0.jpg
cb9dc7c4-8183-4b6b-92ce-c3395eef8c08,C’est avec une très grande tristesse que j’apprends le décès de Jacques Chirac ! On se souvient tous de cette belle victoire de 1995 .... un vrai battant ! Un vrai politique ! Il manque des hommes comme lui à la France ! Sincères condoléances à sa famille !! (Cette affiche est toujours encadrée chez moi .... joli souvenir !),images/post_265_0.jpg
14eafa80-44a8-420c-95e5-e179bf1a94c5,Retour en images sur la carrière de Jacques Chirac... https://www.lamontagne.fr/.../deces-de-jacques-chirac.../,images/post_269_0.jpg
aa872612-5d22-447e-ab0e-9142941131a2,La Ville de #Puteaux salue la mémoire d’un grand Homme ayant servi la Nation et marqué la Ve République. Toutes nos condoléances à sa famille ainsi qu’à ses proches. #Chirac http://www.puteaux.fr/.../Actualites/Deces-de-Jacques-Chirac,images/post_270_0.jpg
60383d5e-74cb-46d6-81e0-202d623ff7fe,"MORT DE JACQUES CHIRAC - ""Pas un instant, vous n'avez cessé d'habiter mon coeur et mon esprit"". Jacques Chirac vient de mourir à l'âge de 86 ans. Le 11 mar…",images/post_274_0.jpg
27c0920f-93cf-4b09-8491-17cb7fbff904,"Depuis le décès de Jacques Chirac, son épouse Bernadette n’avait fait aucune déclaration ou apparition publique.",
531dd6f9-830a-4b55-a0bc-2eecc080c98d,"Suite au décès de l’ancien président Jacques Chirac, Paris Première lui rend hommage avec une émission spéciale Zemmour & Naulleau , demain à 20h50.",images/post_277_0.jpg
2ff17dfb-0269-48a2-a94a-6d276b31346f,"Suite au décès de Jacques Chirac, suivez notre édition spéciale",images/post_278_0.jpg
78e7fb47-b10e-48b9-9a16-663114a59a06,"Triste d’apprendre le décès de Jacques Chirac, un grand Homme proche des gens , ouvert sur le Monde, qui aura marqué toute une génération. Un serviteur de la République, passionné par la France. Merci pour tout , au revoir Monsieur le Président, reposez en paix.",images/post_279_0.jpg
b3bf0898-3cc1-4e83-b0b7-fc76aa1578f4,"Service Solennel à l'intention de M. le Président, Jacques Chirac 30-09-2019",images/post_282_0.jpg;images/post_282_1.jpg
feef821f-2e4d-4721-ad8a-00bb09d207f5,"Le Couple grand-ducal a assisté au service religieux qui a eu lieu suite au décès de Monsieur Jacques Chirac, ancien président de la République française. La me…",images/post_284_0.jpg;images/post_284_1.jpg
ddbada10-73e3-4a64-ac28-078c4857adc6,"Le nom signé de Jacques Chirac. (Dessin de Claire Garguier, source : https://www.facebook.com/media/set/...) Je partage le message d…",images/post_286_0.jpg
43049b03-0c85-4f7b-bf51-0aeb71239b32,"Suite au décès du Président Jacques Chirac, vous trouverez ci dessous ma réaction.",images/post_291_0.jpg
21d02808-2de9-48ea-be17-7b12a78d4783,"Décès de l'Ancien Président de la République Française, S.E.M. Jacques Chirac L'Hommage du Président Guillaume Kigbafori Soro « C’est avec une forte émotion et non sans nostalgie que j’apprends ce jeudi 26 Septembre 2019, la nouvelle de la disparition de Son Excellence Monsieur Jacques Chirac, ancien Président de la République Française.…",images/post_292_0.jpg;images/post_292_1.jpg
848b4ca3-a241-48b5-8b02-b21f6ee47356,"LA CANICULE A TUE DES MILLIERS DE PERSONNES EN FRANCE – 10,9% de surmortalité cet été par rapport à la moyenne, indifférence gouvernementale – Cet été, la canicule n'a pas seulement dévasté l'écosystème, induit des incendies gigantesques et tari l'eau potable. Elle a aussi pris des milliers de vies en France. Dans une indifférence gouvernementale sidérante.…",images/post_298_0.jpg
fadb931c-8b4e-4918-905d-cd1120a17830,DECES DE JACQUES CHIRAC : le 22e Président de la République française est décédé à 86 ans,
7c0fb988-9a6f-4e6c-be48-82bffcd6c351,Réaction de Marine le Pen sur le décès de Jacques Chirac.,images/post_303_0.jpg
d0be8cda-3b6c-41bd-909d-6da34840df59,"Faure Gnassingbé, in his desperate search for legitimacy, indulges in a cynical enterprise of buying consciences across the Togolese borders. Head of a regime without faith or law, he pacts with all those who can serve his interests, sacrificing the Togolese. He alone embodies the face of a vile, opportunistic power, ready to compromise to prolong his reign, even at the cost of betraying the continent's most noble causes.",
8ce23134-d96e-4537-98a1-47ca6e093a3b,While many African nations have shown themselves in s…,
6ea54ac4-8e04-4c31-a49c-efc9e1b9ef86,"Triste d’apprendre ce matin le décès de Jean Louis Debré . Mes pensées vont à sa famille, sincères condoléances. Proche de Jacques Chirac, Jean Louis Debré, Grand Serviteur de l’Etat a eu une carrière politique très riche, Député de l’Eure, Maire d’Evreux, Ministre de l’Intérieur, Président de l’Assemblée Nationale, Président du Conseil Constitutionnel mais aussi écrivain talentueux. Un homme engagé pour son pays et notre département de l’Eure, toutes ces années pas…",images/post_306_0.jpg;images/post_306_1.jpg;images/post_306_2.jpg
693c1e16-17c2-40d3-aafe-f753b3815ef9,"Avec le décès de Jean-Louis Debré, c’est un morceau de la Vème République qui s’en va. Député, Maire, Ministre, Président de l’Assemblée nationale puis président du Conseil constitutionnel, il su brillamment s’émanciper du lourd héritage de son père Michel Debré, rédacteur aux côtés du Général de Gaulle, de nos textes constitutionnels, pour mener une magnifique carrière au service de la France. Il était certes un ami du President Jacques Chirac, mais surtout un grand homm…",images/post_312_0.jpg
5c21433d-a2ae-4d48-9f54-2919bb242b2c,"Très triste d’apprendre le décès de Jacques Chirac, un Président de la République Française que l’on n’oubliera jamais....",images/post_316_0.jpg
1d608ceb-5754-4d99-9653-afb9d7b5e61a,"• Deuil national • Suite au décès de M. Jacques Chirac, ancien Président de la République, le lundi 30 septembre est une journée de deuil national. Un rassemblement aura lieu cet après-midi à 15 heures devant l'Hôtel de Ville pour permettre à chacun de se recueillir en mémoire de l'ancien chef de l'Etat.",images/post_317_0.jpg
12d16baf-73fe-40c6-b665-c4b6c36b13f2,"[DEUIL NATIONAL] Dans le cadre de la journée de deuil national décrétée par le président de la République à la suite du décès du Président Jacques Chirac, un hommage lui sera rendu le lundi 30 septembre à 15h00 à l'Hôtel de Ville (salle du Conseil). Tous les Méens sont les bienvenus pour commémorer la mémoire de l'ancien chef d'État français.",images/post_320_0.jpg
aded8926-182e-4f22-a530-0eec596567d9,26 septembre 2019. Décès de Jacques CHIRAC.,images/post_323_0.jpg;images/post_323_1.jpg
48495569-183c-41b2-bccb-6c9e6a354719,"Au soir du décès de l'ancien président de la République, Jacques Chirac, l'Elysée ouvre ses portes afin que les Français puissent venir lui rendre hommage. Comme Nicolas, ils sont une centaine à avoir fait le déplacement",images/post_324_0.jpg
e78cfb9a-2394-4f92-88b0-a5485b50b6bc,"Très triste J’apprends avec une grande tristesse le décès de Jacques Chirac. L’ Homme, qui, dès 1986 m’a donné goût à la politique. J’ai eu l’occasion de le rencontrer à plusieurs reprises et chacune de ces rencontres reste gravée dans ma mémoire. Le petit « Chiraquien » que j’étais est en deuil de l’incroyable Homme qu’il fut.",images/post_327_0.jpg
a85a194b-352a-40bf-83ec-23c83afdde74,"Décès de Jacques Chirac : rarement d accord avec lui mais néanmoins c'est un homme a qui je reconnaissais beaucoup de charisme et une véritable et manifeste affection pour la France et les Français. À l instar de François Mitterrand pour qui j avais une réelle admiration, j.Chirac aura marqué son époque.",images/post_329_0.jpg
4405778c-feb9-41c4-a66b-6de81af99645,"Nicolas Sarkozy a fait part de sa ""profonde tristesse"" suite au décès de Jacques Chirac. https://bit.ly/2lMwxi9",images/post_330_0.jpg
47254b2c-f3a0-4ecc-8e60-c41fed54a82f,Retrouvez le communiqué des députés insoumis en réaction au décès de Jacques Chirac.,
7dbf0eee-68da-49dc-af73-19bffb1911be,"[ DÉCÈS ] L'ancien président de la République, Jacques Chirac, est décédé ce jeudi 26 septembre à l'âge de 86 ans. Il s'était rendu plusieurs fois à Mayotte, dont la première fois en 1986, lorsqu'il était alors 1er ministre de François Mitterrand. Il avait alors tenté de modérer les ardeurs des Mahorais avec sa célèbre phrase : ""Les paysans de chez moi qui ont beaucoup de sagesse disent : ""Il ne faut pas mettre la charrue avant les bœufs"". Je suis persuadée que cette formule…",images/post_333_0.jpg
51673c0e-30b3-4422-8410-ae045d797f71,Profondément attristé par le décès de Jacques Chirac. Il a été à l'origine de l'engagement politique de beaucoup d'entre nous. Je m'associe à la douleur des Français pour saluer la mémoire d'un grand Président de la République et d'une figure de notre famille politique.,images/post_335_0.jpg
0c70a3f3-11d3-4e9a-ac34-8293953cba4f,"C’est avec beaucoup d’émotion que j’apprends le décès de Jacques Chirac. La France perd l’un de ses grands hommes d’État, figure populaire ayant œuvré à une République plus juste au sein d’une Europe plus forte. Mes pensées émues vont à sa famille.",images/post_338_0.jpg;images/post_338_1.jpg
eefe4ced-af86-4374-80fc-8d0ae915bc4d,"Avec le décès de Jacques Chirac, le fondateur du Front national perd son plus vieil ennemi. Retour sur les raisons d'une détestation mutuelle",
ac078dea-06bf-4cc4-ba49-641cfe0483b9,"#DIRECT : Jacques Chirac, ancien président de la République française, est mort à l'âge de 86 ans",images/post_340_0.jpg
67750621-7cf4-4476-8923-392684ae97cb,"[DÉCÈS] Jacques Chirac, président de la République de 1995 à 2007 est décédé. Il était âgé de 86 ans.",
195e0b7e-67e5-4196-9408-624fce3a51a5,Après le décès de Jacques Chirac L’ancien président de la République - Jacques Chirac - vient de mourir... Son bilan politique est dans la continuité de celui de tous les chefs d’État et de gouvernement français depuis la Libération.…,images/post_342_0.jpg
4926a624-14a6-403a-a8fe-29764fb53659,"Grande tristesse en apprenant le décès du Président Jacques CHIRAC ce matin, à l’âge de 86 ans. Le Président Jacques CHIRAC a toujours eu le service de la France et des Français comme fil conducteur de son action publique. Une figure marquante de notre Histoire, tant par sa personnalité, sincère, que par son courage notamment en 2003 quand il refusa d’engager la France dans la guerre en Irak. Une décision marquante pour le garçon de 10 ans que j’étais. Et on ne peut pas o…",images/post_346_0.jpg
a159b2d2-f66a-41f1-9968-b8a19ba3257c,"Profonde tristesse en apprenant ce matin le décès de Jean-Louis Debré. Fils de Michel Debré, auteur de notre Constitution, il fût compagnon de route de Jacques Chirac pendant plusieurs décennies, député de l’Eure, ministre de l’Intérieur, Président de l’Assemblée nationale, Président du Conseil Constitutionnel. Je garde le souvenir d’un homme fidèle aux valeurs d’une droite républicaine.",images/post_350_0.jpg
54f580a2-ec6c-44c8-9922-08abcb04ef5d,[DÉCÈS] Retour sur la relation particulière de Jacques Chirac avec L'Outre-mer.,images/post_354_0.jpg
813c2e84-3dde-4c29-8b82-a61f4f90462a,L’ancien président de la République Jacques Chirac est décédé ce matin à l’âge de 86 ans. Il avait avec l’Outre-mer une relation particulière. Regardez.,images/post_355_0.jpg
b22a9850-405b-458b-8212-9a2ebb753fdf,"Hommage au président Jacques Chirac, cinq ans après son décès.",images/post_357_0.jpg
4659b0d4-6ce7-4b35-9006-27d0706ae387,"Ma déclaration suite à l’annonce du décès de Jacques CHIRAC Nous étions à mille lieues politiques l’un de l’autre mais si souvent dans une vraie proximité humaine. Je veux dire – moi, ancien dirigeant du Parti communiste - que ma tristesse aujourd’hui est intense et sincère. Jacques Chirac aimait la France dans son tréfonds. La France perd l’un des siens. C’était un homme chaleureux, dépourvu de tout sectarisme et qui, par dessus tout, aimait les gens.…",
c791eb4a-36f9-4cd9-a39b-2aa40a66bb81,"Un peu plus d’un an après le décès de Jacques Chirac, c’est un autre poids lourd de la Vème République qui s’en va... AU REVOIR M. le Président...",images/post_362_0.jpg
c14e9053-0fcf-4555-b9f9-610787285b42,10 jours de gratuité suite au décès de Jacques Chirac. 10 days free to @Quai Branly Museum as a tribute to former President Chirac dead last week https://www.pariszigzag.fr/.../le-musee-du-quai-branly...,
ed2a0419-24df-4144-b587-b544d529ca4a,"En hommage à Jacques Chirac , ce 14 avril, le Conseil de Paris a décidé de donner son nom à une voie de la capitale. Une partie de l'actuel ""Quai Branly"" va être renommé ""Quai Jacques Chirac"", en mémoire de l'ancien Président et Maire de Paris. Le tracé est haut en symboles puisque qu'il va du "" Musée du quai Branly - Jacques Chirac dédié aux Arts Premiers (voulu par Jacques Chirac et qui porte son nom depuis 2016) à la ""place des martyrs juifs du vélodrome d'hiver"" (Jacques …",images/post_367_0.jpg
2ac25517-faa4-41d2-945d-ad9e4129fcc8,Grande émotion suite au décès de Jacques Chirac Un grand serviteur de l’État qui connaissait toutes les particularités de notre territoire national que ce soit par ses expériences en tant que Maire de Paris ou encore en tant que Député de la Corrèze. Un élu de la République très apprécié pour ses grandes qualités humaines et son contact extrêmement chaleureux sur le terrain.…,images/post_370_0.jpg;images/post_370_1.jpg;images/post_370_2.jpg;images/post_370_3.jpg
c0b19861-4d40-4406-80f7-1aa5382bc485,On vient d'apprendre le décès de Jacques Chirac à l'âge de 86 ans,images/post_374_0.jpg
71a3e1be-ebc6-4e75-8d82-f3ea4b774964,Je viens d'apprendre le décès de Jacques Chirac ! Rip,images/post_375_0.jpg
dff13640-f157-45fb-b427-05d33b78785f,"J’ai été informé comme tous les Français du décès de Jacques Chirac, ancien Président de la République. C’est pour moi une grande perte. Je suis entré en politique en 1983 en étant élu au Conseil municipal de Cernay et j’ai fait le choix politique du Rassemblement pour la République (RPR) sous la Présidence de Jacques Chirac qui incarnait les valeurs gaullistes que sont une France forte mais également une France solidaire avec déjà à l’époque cette notion de participation p…",images/post_376_0.jpg;images/post_376_1.jpg;images/post_376_2.jpg;images/post_376_3.jpg;images/post_376_4.jpg
9ddd3f19-fa93-451b-a269-5424d2a5e672,"#Urgent: Décès de Jacques CHIRAC,l'ancien président de la France, mort à l'âge de 86 ans.",images/post_379_0.jpg
70c106b6-e649-4b90-86be-8e36ce3dfffc,J’ai appris ce matin avec une réelle tristesse le décès de Jacques Chirac. Je souhaite saluer la mémoire d’un homme d’État respectueux de l’équilibre des pouvoirs et de la Ve République. Je salue également un homme qui a toujours refusé la guerre en Irak et les compromissions avec l’extrême-droite.,images/post_380_0.jpg
ef25220a-2556-49cc-9b62-50f3dda1934c,"Ce jour, nous apprenons la triste nouvelle du décès de Jacques Chirac. De la mairie de Paris au RPR en passant par Matignon et l’Elysée, il restera comme l’une des figures les plus remarquables de la Ve République.",images/post_381_0.jpg
1548bab0-7df3-476a-861f-0b6f0a6d8618,"Triste et affecté d’apprendre le décès du Président Jacques Chirac, un homme de cœur toujours proche des gens parce qu’il les aimait. Respect pour ce grand homme qui a porté haut nos valeurs démocratiques de tolérance et de fraternité contre la haine portée par les extrêmes.",images/post_382_0.jpg
1ddcf32f-1ca3-46bb-822c-7d45e264ab4c,"[Hommage] Suite au décès de Jacques Chirac, ancien Président de la République, un deuil national a été décrété ce lundi 30 septembre. Les drapeaux des bâtiments et des édifices publics seront mis en berne tandis qu'un moment de recueillement sera organisé dans les services publics. A la préfecture de la Guadeloupe, les personnels observeront une minute de silence à 9h. C’est le Président de la République qui décide, par décret, du deuil national et c’est le Premier minis…",images/post_385_0.jpg
eb237e4a-b7f0-4455-a515-4652b2df15d6,"Très triste d'apprendre le décès de Jacques Chirac, un Président proche des Français, qui m'a donné mes premières émotions politiques dans les années 80. J'avais pris cette photo-montage lors d'une expo qui lui était consacrée à Sarran en Corrèze, dans le musée du Président Jacques Chirac (mérite le détour).",images/post_388_0.jpg
9f06b1ab-caf6-405d-bcfb-4c84ae6794d9,"C'est avec une grande émotion que j'ai accueilli la nouvelle du décès de notre compagnon, le Président Jacques Chirac. Il fut un grand homme politique et un leader éclairé en tant que Président de la République, de 1995 à 2007. Je garde en mémoire les souvenirs de nombreux meetings, avec un leader hors pair, qui faisait vibrer les salles. Un tribun, un fédérateur, très très accessible. …",images/post_391_0.jpg
f356ea1c-42ed-4cab-a1c9-9dd6a77327ab,BONJOUR ! Décès de l'ancien Président Jacques Chirac Paix à son âme ! Dans sa tournée Présidentielle (gpe) il rencontrait cette grande dame de la cuisine…,images/post_396_0.jpg
a697dfd5-5d6c-459a-9d70-0d53a76fc75e,"À ceux qui croient voir dans les inondations marseillaises des larmes divines versées pour la disparition de Bernard Tapie, je rappelle qu’au décès de Jacques Chirac il y a eu promotion sur le pâté en croute au Franprix de la rue Marbeuf. Un peu de dignité je vous prie ... @ Étienne Dorsay",images/post_398_0.jpg
4f0b49f0-e7d1-4941-84c3-ab1c14ce8f89,"Dans la foulée du décès de l’ancien président de la République, l’Élysée a annoncé une journée de deuil national pour le lundi 30 septembre.",images/post_401_0.jpg
54994016-e7e3-45bc-b5e8-36e970fd61f0,"L’ancien président de la République française Jacques Chirac est décédé. Grand ami du Maroc, où il séjournait souvent, il était âgé de 86 ans.",images/post_402_0.jpg
8fd2b749-3d9a-4bf8-8793-ed41bd140053,La France est en deuil. Triste nouvelle avec le décès de l’Ancien Président de la République Jacques Chirac. Un très grand homme d’Etat qui nous quitte.,images/post_405_0.jpg
bf03a5ab-0780-472d-a5ed-07f7cb3df2f2,JACQUES CHIRAC EST DÉCÉDÉ On vient d'apprendre le décès de l'ancien président de la République ce jeudi à l'âge de 86 ans.,images/post_407_0.jpg
5475e2d7-30c9-4ee3-9f85-45c5596ded10,"Décès de Jacques Chirac : l'hommage de Robert Badinter ""Il a toujours été un combattant pour l’abolition de la peine de mort"" #RobertBadinter, ancien garde des Sceaux, a rendu hommage à #JacquesChirac sur Franceinfo . Il a salué le combat de l'ancien président de la république pour l'abolition de la #peinedemort. C…",
18cce342-6f92-4dfb-89ea-751fcd5a8f50,Décès de l’ancien président français Jacques Chirac,
d38c54d3-e264-4272-b932-3e1003c40a96,France : décès Jacques Chirac ancien Président de la République Française est décédé ce jeudi 26 septembre 2019 Paix à son âme .,images/post_414_0.jpg;images/post_414_1.jpg;images/post_414_2.jpg;images/post_414_3.jpg
55149584-b6d3-4a71-af0d-e061c08950a5,"Toute l'equipe de l'Ambassade d'Indonésie à Paris exprime le plus profonde et sincère condoléance pour le déces de Monsieur Jacques Chirac, l'ancien du président français. Nous partageons la tristesse et pensons à sa famille et ses proches.",images/post_416_0.jpg
d277f9be-0dc5-424b-b579-88eb2f54e115,FLASH INFO :‌ Jacques Chirac est mort L'ancien président était venu à plusieurs reprises en Indre-et-Loire,
2267cc87-a8d5-40ea-b80d-14fe592092df,▆▆▆▆▆▆▆▆▆▆▆▆▆▆▆▆▆▆▆▆▆▆▆▆▆▆▆▆▆▆▆▆ #RIP #JacquesChirac Disparition de l'ancien Président de la République française (1995 - 2007) Jacques Chirac (1932 - 2019) à l'âge de 86 ans ce matin à son domicile 4 rue de Tournon (6ème arrondissement) à Paris …,images/post_420_0.jpg
c9ba2b9c-8866-4ec5-ab36-179f1440af33,EN DIRECT - Suivez sur BFMTV l'allocution d'Emmanuel Macron depuis l'Elysée suivie de notre édition spéciale sur la mort de Jacques Chirac,images/post_423_0.jpg
b6e029ce-f132-4eb9-9635-2efda531a578,"On a tous une histoire avec Jacques Chirac. 1995, j’ai 9 ans, il est le premier Président de la République dont j’ai le souvenir de l’élection. 1998, il donne la coupe du monde à Didier Deschamps. La France championne du monde. 2002, j’ai 16 ans, j’aurais voté pour lui si je l’avais pu, je participe à ma première manifestation. Non à l’extrême droite. 2003, il dit non à la guerre en Irak. …",images/post_425_0.jpg
261dd831-8181-4e01-b718-51771f567f9f,"Suite au décès de Jacques Chirac, retrouvez le communiqué des députés insoumis.",
c9ed2fc5-c686-4de4-b957-424a60eda11c,La philosophe Catherine Clément connaissait Jacques Chirac depuis longtemps. Entretien avec une amie proche qui révèle les facettes soigneusement cachées d’un homme plein d’affects.,
5655bf8c-45b5-4437-87fb-9b22cae13fec,"IN MEMORIAM Avec le décès de Jean-Louis Debré, c’est un morceau de la Vème République qui s’en va. Député, Maire, Ministre, Président de l’Assemblée nationale puis Président du Conseil constitutionnel, il su brillamment s’émanciper du lourd héritage de son père Michel Debré, rédacteur aux côtés du Général de Gaulle, de nos textes constitutionnels, pour mener une magnifique carrière au service de la France.…",images/post_433_0.jpg
8fa9d26b-3efe-48ea-be4c-77df2ed8813a,Toutes les réactions et infos suite à l'annonce du décès de Jacques Chirac,
871ca90c-3329-4313-8af5-55a75a29d55d,"[HOMMAGE] Suite à l’annonce du décès du Président de la République Française, Jacques CHIRAC, Monsieur le Maire de Tourcoing a pris la décision de reporter le Conseil municipal à une date ultérieure. Les drapeaux de la ville ont été mis en berne et un livre de condoléances sera mis à disposition à l’Hôtel de Ville jusqu’aux funérailles.",images/post_436_0.jpg
57f10a86-0f98-4936-b24a-42edf8a44ec8,""" Le temps de l'enfance est court, il ne se rattrape pas "" Jacques Chirac. Reçu ce matin de mon petit fils le député du territoire de Belfort Ian Boucard le courrier suivant sur la commémoration du décès de Jacques Chirac merci à toi Ian avec ta grand-mère et puisqu'il est question de l'enfance tu glanais déjà à 10 ans les tampons des navires sur lesquels je t'emmenais, à Rouen et comme ici au Havre en 1999 avec le Norway et la Jeanne d'Arc. Ian est à gauche avec mon fils Pi…",images/post_439_0.jpg;images/post_439_1.jpg;images/post_439_2.jpg;images/post_439_3.jpg
f1ae8b08-6860-435e-b6f3-6406f009a447,"Je suis profondément attristé par la décès de Marie-France Garaud, une grande figure politique et intellectuelle de droite de notre pays. Conseillère de Geor…",images/post_443_0.jpg;images/post_443_1.jpg;images/post_443_2.jpg;images/post_443_3.jpg
94385b45-8fa3-45a5-9da3-292bd8458a8b,"[ Réaction de Philippe Saurel, suite au décès de Jacques Chirac ] ""C'est avec une grande tristesse que j'apprends ce jour le décès de notre ancien Président de la République, Monsieur Jacques Chirac. Je garde un souvenir ému de cet homme politique exceptionnel, Maire de Paris pendant 18 ans, avant d'accéder à la fonction suprême en 1995. Je regarde avec admiration certaines de ses prises de positions décisives. Je pense évidemment à son opposition contre la guerre américain…",images/post_446_0.jpg
fbf1502e-72d2-419e-87e0-04d5900dbf64,"En février 2020, la France signe la Déclaration de Stockholm qui l’engage à réduire de moitié le nombre de décès et de blessures graves sur les routes à l’horizon 2030, et atteindre « zéro décès et blessures graves sur les routes d’ici à 2050 ». Un seul objectif, une seule boussole, une seule vision possible pour l’action de la Ligue contre la violence routière : zéro victime sur la route. Depuis mai 2017, il y a eu 23.000 tués et 130.000 blessés graves et la baisse moyenne…",images/post_449_0.jpg
2935cf11-4c9d-4002-a092-9192264004cd,"Le Décès du Président Jacques Chirac : Un Hommage National Le 26 septembre 2019, la France a perdu l'un de ses plus grands dirigeants, Jacques Chirac, ancien président de la République, à l'âge de 86 ans. Après plusieurs années de déclin de santé, notamment une insuffisance rénale, Jacques Chirac est décédé dans son domicile parisien, marquant la fin d'une époque pour la politique française. Une Vie de Service à la Nation…",images/post_452_0.jpg
9e40277a-894d-492b-af6f-2aaa650f8ea2,Je présente toute mes condoléances à Bernadette et toute la famille Chirac.,
40a36327-a780-4380-8379-ebfc09df3dda,"Dominique Schnapper, présidente, et toute l’équipe du mahJ apprennent avec tristesse le décès de Claude-Gérard Marcus à l’âge de 87 ans. Figure de la vie politique parisienne, il a été à l’origine, aux côtés de Victor Klagsbald et David Ojalvo, de la création du musée, dont il fut président jusqu’en jusqu'en 2001, puis président d’Honneur. Inauguration du mahJ, 30 novembre 1998…",images/post_459_0.jpg
c90887c7-3ba3-40b7-bd35-0dd65adf9aa7,"Gaston Flosse ce matin, très ému après l'annonce du décès de Jacques Chirac. Retrouvez son interview dans notre journal de midi.",images/post_463_0.jpg
9e014b0a-47b3-4e21-aa9c-07111cad0379,"Depuis l’annonce du décès de Jacques Chirac, 37.690 visiteurs s'y sont rendus",
ec1fde70-c281-4eb3-9c92-77390bb1aaf6,[Décès de Jacques Chirac] Jacques Chirac et les agriculteurs : une relation terrienne privilégiée,
63a9bae2-bfeb-445c-b3ca-d3dd61836b66,"Ce matin, la chaîne Public Sénat interviewait, dans sa matinale dédiée au décès de Jacques Chirac, Cyril Greghi ( et non pas Serge ), rédacteur en chef de La Vie corrézienne. Retrouvez l'intégralité de cet entretien. Public Sénat",images/post_466_0.jpg
42794e9f-c43e-415d-b462-67fe6f9377cf,Lucette Michaux Chevry réagit suite au décès de l’ancien président de la République Jacques Chirac. #Guadeloupe,images/post_468_0.jpg
5be5993c-85b4-4304-a0e2-246201ddab3f,"Les drapeaux sont mis en berne à l’annonce du décès de Jacques Chirac aujourd’hui. Le Maire et le conseil municipal rendent hommage à celui qui consacra 40 ans de sa vie à la politique et fut député, ministre, premier ministre, maire de Paris et Président de la République de 1995 à 2007.",images/post_470_0.jpg
a5a48a3f-d4cf-4e2c-be67-a6da8c12298a,"Décès, à l’âge de 90 ans, de Marie-France Garaud . Elle fut Conseillère du Président Georges Pompidou , puis de Jacques Chirac pour devenir Députée européenne puis Candidate à l’élection présidentielle. Marie-France Garaud restera une grande figure du Gaullisme, qui était de tous les combats et qui a tant compté dans la construction de la Droite française.…",images/post_471_0.jpg
0e619ecc-e8d9-4a04-ac39-8a99f8dc5d2b,"Boulevard Voltaire a recueilli la réaction de Nicolas Dupont-Aignan, à la suite du décès de Jacques Chirac, ce jeudi 26 septembre. En dépit de ""désaccords politiques fondamentaux"", il lui reconnait de réelles qualités humaines qui ont rendu ce président très populaire. https://soundcloud.",
7ae28056-0129-446c-ab67-88136ca84964,"J'accueille avec une profonde émotion l'annonce du décès de Jacques Chirac, ancien président de la République française. Jacques Chirac ne fut pas seulement un grand républicain, un gaulliste convaincu, engagé et fidèle, un Président de droite qui sut intelligemment composer avec la gauche en période de cohabitation. Il fut surtout l'homme qui sut dire « non » à la deuxième guerre d'Irak, qui reconnut la responsabilité de l'État français dans les crimes nazis et qui, parmi l…",images/post_478_0.jpg
5a14cf8a-49c6-4c38-a50f-cb1491221e79,"Jacques Chirac rend hommage à… François Mitterrand A l'annonce du décès de Danielle Mitterrand, Jacques Chirac a pris la peine de décrocher son téléphone pour appeler Gilbert Mitterrand, le fils de Danielle et François Mitterrand, afin de lui présenter ses condoléances. Deux jours après le décès de sa mère, Danielle. 'Il lui a dit tout le bien qu'il pensait d'elle', explique un de ses proches.""…",images/post_481_0.jpg
386ad85f-f71a-47f6-b3f1-4b85dfa7b3c7,"Décés de Jean-Louis Debré aujourd’hui, c’est un morceau de la Vème République qui s’en va. Député, Maire, Ministre, Président de l’Assemblée nationale puis président du Conseil constitutionnel, il su brillamment s’émanciper du lourd héritage de son père Michel Debré, rédacteur aux côtés du Général de Gaulle, de nos textes constitutionnels, pour mener une magnifique carrière au service de la France. Il était certes un ami du President Jacques Chirac, mais surtout un grand hom…",images/post_483_0.jpg;images/post_483_1.jpg
978ea8df-0fbf-4623-94fc-d22b84c96388,L'annonce du décès de Jacques Chirac suscite de très nombreuses réactions en Martinique.— in Martinique .,
2a415ab9-b3ac-47d1-bf9e-ecede01c01be,C'est avec émotion que nous avons appris le décès de Jacques Chirac.,images/post_487_0.jpg
49df1192-8646-414f-952f-202d230fa201,"Il a été président de la République, Premier ministre, ministre, maire de Paris, un grand homme de la Ve République s’en est allé aujourd’hui. Au revoir Jacques Chirac",images/post_488_0.jpg
09f208ff-d734-4624-93ff-86d39dbbfba6,"#Brive #BriveActualités #Culture #Littérature #Politique #Médias #Décès #DenisTillinac #Auriac #Corrèze #Paris #France Le journaliste et écrivain Denis Tilliniac est mort à l'âge de 73 ans Journaliste et écrivain d'origines corréziennes, Denis Tilliniac s'est éteint à l'âge de 73 ans, dans la nuit de vendredi à samedi, un an jour pour jour après l'ancien Président de la République, Jacques Chirac dont il était très proche.…",images/post_490_0.jpg
3731c7f4-ccb6-44ca-838c-52399f092abd,"Le journaliste et écrivain Denis Tillinac est mort à l'âge de 73 ans Journaliste et écrivain d'origine corrézienne, Denis Tillinac s'est éteint à l'âge de 7…",images/post_494_0.jpg
a6716d48-b916-4a5e-bf93-d51cd632654f,"[Hommage] J’apprends avec beaucoup d’émotion le décès de Jean-Louis Debré. Un homme de conviction, fidèle à ses idéaux gaullistes, à une certaine idée de la France, à Jacques Chirac. Un immense serviteur de l’État qui n’a jamais cessé de défendre notre République et ses institutions. …",images/post_498_0.jpg;images/post_498_1.jpg;images/post_498_2.jpg
e3745391-9918-45a7-a98b-ec72748c9f8e,"LADF, profondément attristé après l'annonce du décès de Jacques CHIRAC, ancien Président de la République de France.",images/post_502_0.jpg
c0eef8bc-63d7-418c-a675-30ad90f5d9fe,DECES - Le Président Jacques Chirac s'est éteint aujourd'hui. Il était venu à Agde en 1981,
961ccf8c-4191-46b2-ad88-e9e42549cc47,Retrouvez ce vendredi en kiosque notre édition spéciale sur le décès de Jacques Chirac,images/post_504_0.jpg
b2484d7c-b8e8-4a56-ab01-6d52cf1b6f09,"DÉCÈS DE BERNARD PONS : UNE FIGURE HISTORIQUE DU GAULLISME Bernard Pons, figure du RPR et fidèle de Jacques Chirac est décédé ce 27 avril à l'âge de 95 ans. Lors de sa longue carrière politique, il a occupé des postes clés du parti gaulliste. Médecin généraliste de formation, entré très jeune dans la résistance, Bernard Pons a passé plus de vingt-sept ans comme député du Lot, de l'Essonne puis de Paris. Il a, ensuite, occupé plusieurs postes ministériels d'abord comme Secré…",images/post_505_0.jpg
ec420072-c5eb-4b81-9439-4f44abf67d2d,"Le décès de l’ancien président de la République Jacques Chirac provoque un profond émoi dans le pays. Je présente mes sincères condoléances à sa famille et à ses proches. Je me suis opposé à plusieurs reprises à sa politique. Néanmoins, il a su prendre des décisions extrêmement importantes pour la France. Je l’avais rencontré en 1996 à l’Élysée avec Jean-Claude Lefort, pour le remercier d’avoir accepté de reconnaître le statut d’anciens combattants aux membres des brigades in…",
5af99c36-30d8-4b39-892c-1f380f6bbd65,"Mon émotion est vive à la nouvelle du décès de Jacques Chirac. La France perd un grand chef d’état, amoureux de la vie et du rugby. En 2002, il avait inauguré l…",images/post_511_0.jpg
cee2d7b8-e302-4f6b-bf1e-601f15092548,"«Le 26 septembre, en fin de matinée, le monde médiatique s’est arrêté de tourner... avant de se mettre à tourner en rond. Le décès de Jacques Chirac a fait basculer toutes les chaînes d’info en édition spéciale, évinçant totalement des écrans l’incendie de l’usine Lubrizol de Rouen»",
7c4ce0a3-9b95-4783-a4bf-b0720e801fb1,"décès | Jean-Louis Debré est décédé à l’âge de 80 ans. Ancien ministre de l’intérieur, ancien président de l’Assemblée nationale et ancien président du conseil constitutionnel, ce compagnon de route de Jacques Chirac, fils de Michel Debré, aura marqué la vie politique la 5e République.",images/post_514_0.jpg
d512aa20-4140-4d14-975a-1f5a39c21830,"Ma tristesse avec le décès d’un grand homme Jacques Chirac, que j’avais eu le plaisir de rencontrer à l’Elysee un 14 juillet 1996. Respect républicain",images/post_515_0.jpg
c3bc4f45-6fb0-4f9a-b460-892203d5d4fd,"Décès de Jacques Chirac « Notre maison brûle et nous regardons ailleurs » est une phrase que prononça Jacques Chirac, président de la République française, en ouverture du discours qu'il fit devant l'assemblée plénière du IVe Sommet de la Terre le 2 septembre 2002 à Johannesburg, en Afrique du Sud, et qui sert à présent à désigner cette prise de parole. La phrase « Notre maison brûle… » a été écrite par Jean-Paul Deléage (physicien, géopolitologue, maître de conférences aux…",
136cbe6e-f790-4485-9942-35eb99962d18,"#HommageNational Aujourd’hui, la Ville de Montceau-les-Mines, dans le cadre de l’hommage national organisé à la suite du décès de M. Jacques Chirac, a proposé à l'artiste Corado Boust de réaliser un portrait de l'ancien Président de la République. Voici un retour en image sur cette réalisation et sur la minute de silence observée à 15h sur le parvis de la Mairie.",images/post_520_0.jpg
a58a7b28-a864-495c-a6a0-910a4629decb,"J’apprends avec une grande émotion le décès de Jacques Chirac. La France perd un grand homme d’État, profondément humain et attaché aux français. Il aura été un défenseur sans relâche de l’indépendance de notre Nation sur la scène internationale et un fervent promoteur des valeurs européennes. Jacques Chirac entretenait une relation étroite avec les territoires ruraux et singulière avec le monde agricole. La Seine-Maritime avait eu l’occasion d’accueillir Jacques Chirac à plu…",images/post_523_0.jpg
fab8c3dc-c6fa-4662-8af0-0fc352784db7,"Triste nouvelle avec l'annonce du décès de Jacques Chirac aujourd'hui Les guignols de l'info, le salon de l'agriculture... Nous revivrons ensemble les moments cultes de l'ancien président de la République avec Cyril Hanouna à partir de 18h30 sur C8 #TPMP",images/post_526_0.jpg
3d50a7e7-a1c8-45b9-bf45-814c6c532720,"C’est avec une vive émotion que nous apprenons aujourd’hui le décès du Président Jacques Chirac. Il a incarné pendant trois décennies les valeurs d’une droite modérée et humaniste. Son respect des territoires ruraux, sa considération pour les classes populaires font aujourd’hui parfois défaut à nos dirigeants nationaux. J’adresse à ses proches et à tous ceux qui l’ont apprécié comme Chef de l’Etat mes chaleureuses pensées.",images/post_527_0.jpg
cfbf0b22-aa20-4b96-96ad-a10ad5516abd,"Angela Merkel, Ali Bongo, Pedro Sanchez, Vladimir Poutine... Quand les leaders politiques mondiaux réagissent au décès de #JacquesChirac",images/post_532_0.jpg
1dae8401-1757-4b72-bd41-ae8f32407cf7,"Immense tristesse à l'annonce du décès de Jacques Chirac, un homme d'Etat, un géant de la vie politique et un passionné de la France. Admiré ou détesté, encensé ou combattu, il ne laissait personne indifférent. Par son style, sa fougue, sa culture, ses engagements, ses combats, sa proximité unique avec les Français, il était l'image d'une époque. Sur le plan national et international il a su incarner les valeurs de la République. Souvenons-nous de son NON à la guerre en Irak,…",
9d888f60-95e5-44a1-8042-328b361ea8f7,"Je vous souhaite à tous ce soir d’excellentes fêtes de fin d’année et un joyeux Noël avec une pensée particulière pour les personnes isolées, sans domicile fixe ou qui travailleront (petite pensée pour les services d’urgences notamment) L’année se termine tout doucement, 12 mois riches en événements. L’heure du bilan aussi. De l’incendie de Notre-Dame à celui de l’usine Lubrizol à Rouen, des manifestations à Barcelone aux mouvements sociaux en France (les services d’urgence…",images/post_536_0.jpg
784938a2-359e-496b-97db-ce5af9071d5f,"L'annonce du décès de Jacques Chirac, ce midi, à l'aube de ses quatre-vingt sept ans, à son domicile parisien a provoqué un véritable séisme partout en France. Une onde de choc plus particulièrement ressentie en Corrèze où l'ancien président de la République jouissait d'une popularité extrêmement forte. Retrouvez dès demain notre dossier spécial en kiosque ou en ligne sur le www.laviecorrezienne.com",images/post_540_0.jpg
b02dd619-2bde-4916-968f-f94eb375fbd9,"Décès aujourd’hui à Paris de madame Hélène Carrère d’Encausse, - historienne, - membre de l’académie française (1990) et première femme : (secrétaire perpétuelle depuis 1999) de la prestigieuse institution. - femme politique, députée européenne, proche du président Jacques Chirac, …",images/post_541_0.jpg;images/post_541_1.jpg;images/post_541_2.jpg;images/post_541_3.jpg;images/post_541_4.jpg
28f6fa62-be09-4ce5-9e81-3a8c96f3d405,"J’apprends avec tristesse le décès de Jacques Chirac. Je retiens de lui l’héritier du général de Gaulle, qui a toujours refusé les compromissions avec l’extrême-droite. Je salue la mémoire d’un Président qui a su incarner l’équilibre des pouvoirs et respecter l’esprit de la constitution de la 5ème République.",images/post_546_0.jpg
d708201a-bf5a-4cd3-a882-e184df2454df,"Profondément ému par le décès de Jacques Chirac. Infatigable défenseur du dialogue des cultures et de la paix dans le monde, il était aussi et surtout très proche du cœur des Français. Ses discours puissants du Vel d’Hiv, de Johannesbourg et son opposition ferme à la guerre en Irak resteront dans l’histoire. Je m’incline ce matin devant la mémoire d’un très grand homme d’État.",images/post_550_0.jpg
1e80cd3c-cb4d-47e4-982c-3ea07157276f,"Le Conseil municipal a observé cet après-midi une minute de silence après l'annonce de la disparition de l'ancien président Jacques Chirac. ""Nous avons appris avec tristesse, en fin de matinée, le décès de Jacques Chirac, président de la République, qui nous a quitté à l'âge de 86 ans. Il a combattu une maladie qui l'a durement éprouvé, qu'il a affronté avec beaucoup de courage et de dignité. Il était un humaniste, pro-européen, homme de culture, attaché à de grandes causes.…",images/post_551_0.jpg
5c9cde30-a354-4000-9af7-18211e48bc37,"C’est avec une profonde tristesse que je viens d’apprendre le décès de Jacques Chirac. Ce grand homme d’état, qui dirigea la France avec passion et conviction de 1995 a 2007 était avant tout un homme de cœur. Profondément attaché à notre territoire, Jacques Chirac aimait y séjourner régulièrement. Aujourd’hui, un Grand Homme vient de nous quitter, la France est en deuil. Toutes mes pensées vont vers son épouse Bernadette, Claude, sa fille et ses proches. #chirac",images/post_554_0.jpg
b6405f9a-1983-49d4-aa56-6292c2310fe5,"Lancée après le décès du Président Jacques CHIRAC, la consultation destinée à dénommer un lieu en sa mémoire est finie. Cette consultation avait été proposée en accord avec la famille du défunt Président. En effet, il lui semblait important que les Ussellois puissent choisir le lieu le plus adéquat pour rendre ce dernier hommage à l’homme qui a tant œuvré pour Ussel et la Haute-Corrèze. Les habitants de notre terre de Haute-Corrèze, comme les Français d’ailleurs, sont toutes …",images/post_557_0.jpg
b948558b-cf71-4d00-81aa-c3035d7af546,"Très ému à l’annonce du décès de l’ancien Président de la République, Jacques Chirac, à l’âge de 86 ans. Pour ceux de ma génération, Jacques Chirac restera le Président de notre enfance. Avec le « non » à la guerre en Irak, celui qui redonna un sursaut de grandeur à notre nation. Humaniste et Gaulliste, il aimait les français.",images/post_560_0.jpg
83ffa4ca-5fab-40b9-8709-86a5eadec0ba,Une page de l’histoire de la politique française se tourne avec le décès de Jacques Chirac. Sincères condoléances à la famille de notre ancien président de la République.,images/post_561_0.jpg;images/post_561_1.jpg
a7c4f794-87ce-4b9e-ae29-2defeeb72336,Nous apprenons avec tristesse le décès de l'ancien Président de la République Jacques Chirac. L'homme était particulièrement attaché à l…,
fdf1480f-298e-41d4-adc9-5aa8c3446f50,"#RachidaDati : « C’est avec une grande émotion que j’apprends ce jour le décès de Jacques #CHIRAC, ancien Président de la République, figure emblématique de la Ve République, de la droite, de #Paris. »",images/post_568_0.jpg
0f4249d1-6865-4ac5-8766-cdd434483b51,"Comme beaucoup de Français, je suis triste d’apprendre le décès de Jacques Chirac. Je tiens à rendre hommage à notre ancien Président de la République qui s’est éteint au milieu des siens aujourd'hui. Il avait présidé aux destinées de 60 millions de Français de 1995 à 2007. C’était un homme politique de terrain, proche du peuple, et qui aimait les gens. Il aura marqué pour toujours la politique française.…",images/post_569_0.jpg;images/post_569_1.jpg;images/post_569_2.jpg;images/post_569_3.jpg;images/post_569_4.jpg
8a63d16f-e79d-4190-b7cb-48e594018524,Décès de Jacques Chirac : L'Élysée annonce une journée de deuil national lundi,
a988559a-55f5-4741-a42c-160226967efe,"Avis de décès : Jacques Chirac l'ancien président de la république Française est décédé ce jeudi 26 Septembre 2019 à l’âge de 86 ans, a annoncé sa famille à l'AFP. Le cinquième président de la 5ème République avait animé la vie politique française pendant plus de 40 ans. Rappelons qu' il avait été victime d'un accident vasculaire cérébral (AVC) en 2005. Que la terre lui soit légère.",images/post_576_0.jpg
e897d5d2-9092-4e89-be61-f6aeef561cbb,"C'est avec une grande émotion que je viens d'apprendre le décès de Jacques Chirac, ancien président de la République de 1995 à 2007. Jacques Chirac marquera l'histoire de la France, lui qui aura exercé, durant près de 40 ans, au sommet de l'État, les plus hautes responsabilités . Homme politique et de culture, profondément humain, proche comme personne des plus fragiles d'entre nous, il était l'un de ces rares hommes d'État, avec une certaine idée de ce qui fait encore aujo…",images/post_579_0.jpg;images/post_579_1.jpg;images/post_579_2.jpg;images/post_579_3.jpg;images/post_579_4.jpg
49d219a8-e403-450f-b599-15b56be21d97,"C’est avec tristesse et émotion que je viens d’apprendre le décès de Jacques Chirac. Homme du terroir attaché à ses racines paysannes, il a su rester fidèle à ses convictions gaullistes, se hisser au dessus des partis et toujours chercher l’intérêt général. Celui qui fut un grand Président de la République nous laisse de nombreux messages dont un qui doit nous guider : « Dans un environnement qui change, il n’y a pas de plus grand risque que de rester immobile. »",images/post_583_0.jpg
c9940361-7cbd-485c-bfe1-4144c021c1e4,"Si triste d’apprendre le décès de Jacques Chirac, pour qui comme des millions de Français, j’éprouvais une affection respectueuse. Il avait le coeur d’un humaniste, l’amour de la France comme oxygène et le regard bienveillant d’un Père de la Nation. Qu’il repose en paix.",images/post_584_0.jpg
d3007cee-d40f-4cc7-afcf-cc1499482406,"Disparition de Valery Giscard d'Estaing : après le décès de Jacques Chirac en 2019, le centre et la droite républicaine perdent à nouveau un grand President. Il avait su réformer la France avec courage dans un contexte économique très difficile tout en assumant une gestion responsable pour ne pas préempter l'avenir des générations futures.",images/post_585_0.jpg
2618b89e-d589-4f6e-8a7e-af853cfa3534,"C’est avec une immense tristesse que j’apprends le décès de Jacques Chirac, notre pays perd un profond humaniste, un serviteur de la République. Dans ma jeunesse , il a influencé mon engagement. #jacqueschirac",images/post_586_0.jpg
cad0e472-52b9-495c-8629-33f1d934d012,"C’est avec une profonde émotion que j’ai appris le décès de Jacques Chirac. Je tiens à présenter mes sincères condoléances à sa famille ainsi qu’à ses proches dans ce moment de grande tristesse. Jacques Chirac nous a quittés pour entrer dans l’Histoire. Il a été un grand Homme d’État, il a su prendre des positions courageuses, telles que le refus d’engager notre pays dans la guerre en Irak, le discours du Vel d’Hiv ou bien l’appel de Johannesburg pour protéger la planète. …",images/post_589_0.jpg
b089ff08-a684-4bbf-bdba-eab904b03af8,"Décès de Michel de Bonne Corse,haut fonctionnaire diplomate et ancien Conseiller de Jacques Chirac pour les affaires africaines.",images/post_593_0.jpg
16c57442-2ed0-4a80-82e0-2970024bc067,"A la suite du décès de Jacques Chirac, le Maire de Saint-Jean-de-Luz a tenu à réagir : ""Jacques Chirac, c’est d’abord un souvenir personnel puisque c’est l’homme qui a fait que je me suis engagé en politique. C’était évidemment un destin hors normes et une personnalité hors du commun, avec un parcours politique brillant. Il a su se relever de plusieurs échecs, pour finalement devenir Président de la République. N’oublions pas qu’en 1995, alors que tout le monde le donnait ba…",images/post_594_0.jpg
92ed0581-947e-4d52-8a48-dbad024ce5ff,"Particulièrement triste d’apprendre le décès de Bernard Pons, ancien ministre, Président de l’association des Amis de Jacques Chirac. Il m’avait beaucoup soutenu. En 1999, alors que j’étais en voyage de noces dans les Antilles, il m’avait reçu, chez lui, en Martinique. Un homme généreux et fidèle aux Valeurs qui ont fait la France. Chaque année, je pense à cette date anniversaire du 7 mai… Qu’il repose en paix.",images/post_599_0.jpg
ee155364-26c0-4e9c-b1a0-6106e88d1c59,"Nul ne peut être insensible au décès de Jacques CHIRAC président de la République Française de 1995 à 2007. En hommage à sa mémoire, à son engagement pour notre Pays, les drapeaux de l’hôtel de ville seront en berne jusqu’à Lundi, journée de deuil national. Nous adressons toutes nos condoléances à sa famille et ses proches.",images/post_604_0.jpg
a23200a8-419f-4e5d-bb29-7f1226fbd709,Avec amertume j' apprends le décès de mon frère Chirac mavunguku un jeune très intelligent que son âme repose en paix,images/post_608_0.jpg
18c147eb-e0a5-46cf-bec8-dd171427169c,"« -Un chef, c’est fait pour cheffer. » Pour les Françaises et les Français de ma génération, Jacques Chirac fut le premier Président qui fit barrage à l’extrême-droite. Il fut surtout celui qui refusa de s’engager aveuglément dans l’aventure irakienne de 2003, dont nous payons encore aujourd’hui les lourdes conséquences. Je résidais alors en Angleterre, les débats étaient féroces, y compris au sein du monde universitaire, et les quelques étudiants qui partageaient cette conv…",images/post_609_0.jpg;images/post_609_1.jpg;images/post_609_2.jpg;images/post_609_3.jpg;images/post_609_4.jpg
896976d0-d4a7-458d-a3e0-7d4fcbe14066,"Décès d’Alban Liechti : le «soldat du refus» tire sa révérence le 29août 2024 Décès d’Alban Liechti : le «soldat du refus» tire sa révérence Il était le dernier survivants des « Douze », les douze prestigieux intellectuels et personnalités françaises qui, le 31 octobre 2000, avaient appelé le président Jacques Chirac et le Premier ministre Lionel Jospin à reconnaître et à condamner, au nom de l’État français, l’usage de la torture pendant de la guerre d’Algérie.",images/post_612_0.jpg
7807fa72-93f9-47bd-9ea3-7261f68ac6cc,"C’est avec émotion que le musée du quai Branly - Jacques Chirac a appris le décès de Roger Boulay, ethnologue, commissaire d’expositions et compagnon de route de longue date du musée. Roger Boulay était l’un des meilleurs connaisseurs en Europe de la culture Kanak de Nouvelle-Calédonie. Ethnologue spécialiste de l’Océanie, il fut chargé des collections Océanie au musée des arts d’Afrique et d’Océanie et été commissaire de nombreuses expositions au MAAO puis au musée du quai…",
cb713bb3-9627-44c7-bdf8-ea4317d089e8,"Je ressens une très grande émotion et de la tristesse en apprenant le décès de Jacques CHIRAC. Que de souvenirs remontent à ma mémoire, mes premières campagnes électorales et mon engagement politique pour relayer son action. Je retiendrai de lui sa victoire, le 7 mai 1995, fêtée comme il se doit au Hangar 5, sur les quais de Bordeaux. je n’oublierai pas non plus, sa présence à l’inauguration du tramway, le 21 décembre 2003. Il a toute sa vie incarné la France, pour ce grand…",images/post_618_0.jpg
feee5552-3004-48bd-8de1-2230f03a9f33,"Deuil national à la suite du décès de M. Jacques CHIRAC, ancien Président de la République Un rassemblement aura lieu lundi 30 septembre 2019 à 15 heures, dans la cour Jean Moulin de la préfecture du Gers et dans les sous-préfectures de Condom et de Mirande pour observer une minute de silence. Les personnes qui le souhaitent, sont invitées à participer à ce rassemblement.",images/post_622_0.jpg
20bbd1c4-b2f8-4ef9-bcbb-c3dc9faa7ff3,Triste nouvelle d'apprendre le décès de Jean Louis Debre Ancien Ministre de l'intérieur et Ancien Président de l'assemblée nationale et Président du conseil constitutionnel. Et un très proche et fidèle de Jacques Chirac que j'ai bien connu et beaucoup appréci était un Grand Serviteurs de l'état. Sincères condoléances à sa famille et à ses proches. Qu'il repose en paix avec tout mon Respect.,
f41990b6-61ec-4a7e-823f-bcc74f87d76b,"MARIE-FRANCE GARAUD SURNOMMÉE « LA FEMME LA PLUS PUISSANTE DE FRANCE » NOUS A QUITTÉS AUJOURD’HUI … C'est avec une grande tristesse que je viens d'apprendre le décès de Marie-France GARAUD à l'âge de 90 ans. Ancienne conseillère influente de Georges POMPIDOU puis de Jacques CHIRAC, ancienne candidate à l'élection présidentielle de 1981 puis députée européenne, elle fut une gaulliste intransigeante, une femme intelligente au caractère bien trempé.…",images/post_631_0.jpg
d7775b00-376f-4f19-a4fb-027aa07da7ef,"Décès de Jacques Chirac : le programme des hommages corréziens se précise Dès l'annonce du décès de Jacques Chirac, le conseil départemental de la Corrèze a ouvert des registres de condoléances à l'hôtel Marbot (où a été déployée un portrait de l'ancien président) et au musée de Sarran. Comme partout en France une minute de silence sera observée lundi à 15h dans toutes les administrations corréziennes. Enfin, lundi à 18h une messe présidée par Mgr Bestion sera célébrée à sa…",images/post_635_0.jpg
d9cddcf2-09ef-4e3f-8b7b-ecf9a4d91d0d,"Je me souviens de mon choc il y a un an lorsque j'ai appris le décès de Jacques Chirac. Je ne peux pas dire que j'ai perdu un maître en politique, mais la figure qui dominait mon Panthéon, assurément. Aujourd'hui je veux rendre hommage à sa mémoire. Chirac, l'insaisissable, visionnaire en bien des domaines, qui marchait sur deux jambes solides : l'humanisme et les valeurs républicaines. Au final, Jacques Chirac, mal compris et caricaturé, qui n'a eu de cesse de vouloir rassem…",images/post_640_0.jpg
a759b6c8-1b50-4624-8342-7c1633b40d2c,"INSTATROYES | Les drapeaux ont été mis en berne ce vendredi à la suite du décès de Jacques Chirac. Les drapeaux allemands ont pris place aux côtés de ceux tricolores en raison de la visite de l’ambassadeur d’Allemagne en France, Nikolaus Meyer-Landrut. #instatroyes #troyes #troyesmaville #picoftheday #drapeaux #allemagne #france #visite #ambassadeur",images/post_641_0.jpg
1a9b746e-ccb5-406c-9cc3-29e5f2e2348a,"Conseillère de Georges Pompidou et de Jacques Chirac, cofondatrice du RPR, députée .",
3a8240d5-cb1a-4b20-9a0a-d806a59ad17c,Mes pensées vont à sa famille et à ses proches,
42544617-7e20-45fa-b851-318730632532,"La FJN a appris le décès de Jacques Chirac avec une très grande tristesse. Il est celui qui réconcilia la France avec son passé tragique en reconnaissant, sur les lieux mêmes du Vel’ d’Hiv, la responsabilité de la France dans la déportation des Juifs.",images/post_647_0.jpg;images/post_647_1.jpg
22e486f8-aa69-41d8-8fe5-bda461d5ff9a,"IN MEMORIAM 4 ANS DÉJÀ : CHIRAC ET LES RADICAUX : Anniversaire du Décès du Président CHIRAC , Souvenons-nous désormais avec un recul historique et en profondeur de la mémoire du Président Jacques Chirac, décédé le 26 septembre 2019 : CHIRAC , Fils de radical - socialiste, aura eu Treize ministres Radicaux dans ces 2 deux gouvernements CHIRAC ainsi que dans les douze années de sa Présidence de la République, un Homme qui a toujours au fond de lui partagé les valeurs du Radicalisme.",images/post_648_0.jpg
bdf33a3b-0d10-4d33-8f88-0c2093f24e98,"LA FRANCE EST EN DEUIL Le décès de Jacques #Chirac est une grande tristesse pour la #France et les #Français. D’une grande humanité il était proche des gens, notamment des plus fragiles, et l’ambassadeur infatigable des valeurs de la France sur la scène internationale. Il aimait son pays qu’il connaissait dans ses moindres recoins. J’adresse mes condoléances attristées à ses proches.",images/post_652_0.jpg
